{
  "hash": "4588ed27",
  "configHash": "bffd7272",
  "lockfileHash": "202a5602",
  "browserHash": "c508eb04",
  "optimized": {
    "@angular/cdk/drag-drop": {
      "src": "../../../../../node_modules/@angular/cdk/fesm2022/drag-drop.mjs",
      "file": "@angular_cdk_drag-drop.js",
      "fileHash": "2d648526",
      "needsInterop": false
    },
    "@angular/common": {
      "src": "../../../../../node_modules/@angular/common/fesm2022/common.mjs",
      "file": "@angular_common.js",
      "fileHash": "6ff2fca3",
      "needsInterop": false
    },
    "@angular/common/http": {
      "src": "../../../../../node_modules/@angular/common/fesm2022/http.mjs",
      "file": "@angular_common_http.js",
      "fileHash": "fd780275",
      "needsInterop": false
    },
    "@angular/core": {
      "src": "../../../../../node_modules/@angular/core/fesm2022/core.mjs",
      "file": "@angular_core.js",
      "fileHash": "82daf3f1",
      "needsInterop": false
    },
    "@angular/forms": {
      "src": "../../../../../node_modules/@angular/forms/fesm2022/forms.mjs",
      "file": "@angular_forms.js",
      "fileHash": "3a299aa6",
      "needsInterop": false
    },
    "@angular/material/dialog": {
      "src": "../../../../../node_modules/@angular/material/fesm2022/dialog.mjs",
      "file": "@angular_material_dialog.js",
      "fileHash": "8b7142df",
      "needsInterop": false
    },
    "@angular/material/icon": {
      "src": "../../../../../node_modules/@angular/material/fesm2022/icon.mjs",
      "file": "@angular_material_icon.js",
      "fileHash": "f3ab8890",
      "needsInterop": false
    },
    "@angular/material/snack-bar": {
      "src": "../../../../../node_modules/@angular/material/fesm2022/snack-bar.mjs",
      "file": "@angular_material_snack-bar.js",
      "fileHash": "0a116afe",
      "needsInterop": false
    },
    "@angular/platform-browser": {
      "src": "../../../../../node_modules/@angular/platform-browser/fesm2022/platform-browser.mjs",
      "file": "@angular_platform-browser.js",
      "fileHash": "dbc95a28",
      "needsInterop": false
    },
    "@angular/platform-browser/animations": {
      "src": "../../../../../node_modules/@angular/platform-browser/fesm2022/animations.mjs",
      "file": "@angular_platform-browser_animations.js",
      "fileHash": "1d7360dc",
      "needsInterop": false
    },
    "@angular/router": {
      "src": "../../../../../node_modules/@angular/router/fesm2022/router.mjs",
      "file": "@angular_router.js",
      "fileHash": "86594289",
      "needsInterop": false
    },
    "rxjs": {
      "src": "../../../../../node_modules/rxjs/dist/esm5/index.js",
      "file": "rxjs.js",
      "fileHash": "9a9ab609",
      "needsInterop": false
    }
  },
  "chunks": {
    "chunk-UIIJV642": {
      "file": "chunk-UIIJV642.js"
    },
    "chunk-BUV5P6H6": {
      "file": "chunk-BUV5P6H6.js"
    },
    "chunk-3LKZAQER": {
      "file": "chunk-3LKZAQER.js"
    },
    "chunk-MO63Y6NO": {
      "file": "chunk-MO63Y6NO.js"
    },
    "chunk-W3LXTBHQ": {
      "file": "chunk-W3LXTBHQ.js"
    },
    "chunk-BSFFDGDA": {
      "file": "chunk-BSFFDGDA.js"
    },
    "chunk-3N5CA433": {
      "file": "chunk-3N5CA433.js"
    },
    "chunk-XHU5GZOC": {
      "file": "chunk-XHU5GZOC.js"
    },
    "chunk-Z5H46ANP": {
      "file": "chunk-Z5H46ANP.js"
    },
    "chunk-R7GQRDZ6": {
      "file": "chunk-R7GQRDZ6.js"
    }
  }
}